"Sample1"	"Sample2"	"Sample3"	"Sample4"	"Sample5"	"Sample6"	"Sample7"	"Sample8"	"Sample9"	"Sample10"	"Sample11"	"Sample12"	"Sample13"	"Sample14"	"Sample15"	"Sample16"	"Sample17"	"Sample18"	"Sample19"	"Sample20"	"Sample21"	"Sample22"	"Sample23"	"Sample24"	"Sample25"	"Sample26"	"Sample27"	"Sample28"	"Sample29"	"Sample30"	"Sample31"	"Sample32"	"Sample33"	"Sample34"	"Sample35"	"Sample36"	"Sample37"	"Sample38"	"Sample39"	"Sample40"	"Sample41"	"Sample42"	"Sample43"	"Sample44"	"Sample45"	"Sample46"	"Sample47"	"Sample48"	"Sample49"	"Sample50"	"Sample51"	"Sample52"	"Sample53"	"Sample54"	"Sample55"	"Sample56"	"Sample57"	"Sample58"	"Sample59"	"Sample60"	"Sample61"	"Sample62"	"Sample63"	"Sample64"	"Sample65"	"Sample66"	"Sample67"	"Sample68"	"Sample69"	"Sample70"	"Sample71"	"Sample72"	"Sample73"	"Sample74"	"Sample75"	"Sample76"	"Sample77"	"Sample78"	"Sample79"	"Sample80"	"Sample81"	"Sample82"	"Sample83"	"Sample84"	"Sample85"	"Sample86"	"Sample87"	"Sample88"	"Sample89"	"Sample90"	"Sample91"	"Sample92"	"Sample93"	"Sample94"	"Sample95"	"Sample96"	"Sample97"	"Sample98"	"Sample99"	"Sample100"
"Feature1"	0	0	0	0	0	0	0	0	0	0	2	0	0	0	0	0	0	0	0	0	0	14	0	0	0	0	0	0	0	0	0	0	0	0	25838	0	0	0	0	0	0	0	0	0	0	0	0	0	124	0	0	0	0	0	0	0	51	0	0	0	0	4092	0	0	0	0	0	0	4	0	0	0	0	0	0	0	0	0	0	0	0	0	0	0	0	0	0	415	0	0	0	0	0	98	374	0	0	2	0	0
"Feature2"	0	0	0	0	0	0	0	0	0	0	0	0	0	0	0	0	0	0	0	0	0	0	0	0	0	0	0	0	0	0	0	0	0	0	0	0	0	0	0	0	0	0	0	0	0	0	0	0	0	0	0	0	0	0	0	0	0	0	0	0	0	0	0	0	0	0	0	0	0	0	0	0	0	0	0	0	0	0	0	0	0	0	0	0	0	0	0	0	0	0	0	0	0	0	0	0	0	0	0	0
"Feature3"	554	0	1737	0	0	705	0	0	54	0	0	0	0	0	0	683	0	1027	331	0	798	5369	328	0	0	213	0	10	0	3	0	0	0	0	3212	57	0	301	20	0	0	0	394	0	0	0	0	0	0	0	32047	1237	0	6064	0	95	13	0	0	69	0	0	1540	282	0	0	380	65	873	0	0	0	0	992	2536	1493	3988	0	0	0	0	0	0	0	0	5624	0	0	0	1620	0	0	459	295	221	0	1124	0	161	0
"Feature4"	0	0	0	0	0	0	0	0	0	0	0	0	0	0	0	0	0	0	0	0	0	0	0	0	0	0	0	0	0	0	0	0	0	0	0	0	0	0	0	0	0	0	0	0	0	0	0	0	0	0	0	0	0	7	0	0	0	0	0	0	0	0	0	0	0	0	0	0	0	0	0	0	0	0	0	0	0	0	0	0	0	0	0	0	0	0	0	0	0	0	0	0	0	0	0	0	0	0	0	0
"Feature5"	0	0	0	0	0	0	0	0	0	0	0	0	0	4	0	0	0	0	0	0	0	0	1	0	0	0	0	0	0	0	0	0	6	0	0	0	0	0	0	0	0	0	0	1	0	0	0	0	0	0	0	192	63	245	0	0	0	0	0	0	0	0	0	0	0	0	0	0	0	5	0	0	0	0	0	38	0	0	0	0	9	0	0	0	0	0	0	0	0	0	0	0	0	0	0	0	0	0	0	1
"Feature6"	0	4739	0	0	0	0	0	0	0	0	0	0	0	0	0	0	0	0	0	0	0	0	0	0	0	0	0	0	0	0	0	0	0	0	0	0	0	0	0	0	0	0	0	0	0	0	0	0	1035	0	0	0	3790	0	0	0	0	0	3974	0	0	0	0	5043	0	0	0	0	0	0	15339	0	0	0	0	0	0	0	0	31727	0	0	0	4325	0	0	0	0	0	0	0	0	0	0	0	0	0	0	0	0
"Feature7"	0	0	0	0	0	0	0	0	0	0	0	0	0	0	0	0	0	0	0	0	0	0	0	0	0	0	0	0	0	0	0	0	0	0	0	0	0	0	0	0	0	0	0	0	0	0	0	0	0	0	0	0	0	0	0	0	0	0	0	0	0	0	0	0	0	0	0	0	0	0	0	0	0	0	0	0	0	0	0	0	0	0	0	0	0	0	0	0	0	0	0	0	0	0	0	0	0	0	0	0
"Feature8"	19223	1279	7470	1168	1400	21404	7823	3123	11967	8745	0	1864	74	12758	48963	1112	622	4527	115	1482	5487	7412	25500	1	90022	8043	18438	22448	3457	92	2108	5936	15682	37881	2603	29712	1740	27742	489	384	3344	2826	1188	337	59797	97	13142	15309	552	391	20914	21328	12132	1887	14222	2687	10274	988	10060	282	104676	10926	3178	36121	58447	45096	5290	1968	24640	50149	0	271	5779	1227	5854	21742	24981	10795	562	5917	2060	268	4353	7388	44838	1180	1595	133	106862	17314	6867	5697	42948	12789	1527	6	5074	17957	14813	9904
"Feature9"	0	0	0	0	0	0	0	0	0	0	0	0	0	0	0	0	0	74	0	14	0	0	0	0	0	0	58	0	24	0	0	0	0	0	0	0	0	0	0	0	0	7	0	0	0	0	0	0	0	0	0	0	0	0	0	0	0	0	0	0	0	0	0	0	0	0	0	0	0	0	0	0	0	0	0	0	0	0	0	0	0	0	0	0	0	0	0	0	0	0	0	0	0	91	0	0	0	0	0	0
"Feature10"	0	71	0	0	10	0	134	2	0	3	0	15	0	9	17	3	0	0	1	0	0	0	1	0	2	0	0	0	140	0	1	134	0	0	0	2	0	0	0	0	0	58	0	0	0	0	0	149	17	0	0	0	8	0	2246	0	0	77	0	0	145	23	21	0	135	164	1	0	0	0	0	0	8	3	0	0	0	561	0	752	0	1	0	0	0	4	5	0	78	2	6	0	0	0	0	0	0	254	0	21
"Feature11"	0	0	0	0	0	0	0	0	0	0	0	0	0	0	0	0	0	0	0	0	0	0	0	0	0	0	0	0	0	0	0	0	0	0	0	0	0	0	0	0	0	0	0	0	0	0	0	0	0	0	0	0	0	0	0	0	0	0	0	0	0	0	0	0	0	0	0	0	0	0	0	0	0	0	0	0	0	0	0	0	0	0	0	0	0	0	0	0	0	0	0	0	0	0	0	0	0	0	0	0
"Feature12"	0	0	0	0	0	0	0	0	0	0	0	0	0	0	0	0	0	0	0	0	0	0	0	0	0	0	0	0	0	0	0	0	0	0	0	349	23	0	0	0	0	0	0	0	0	0	0	0	0	0	0	0	0	0	0	0	0	0	0	0	0	0	0	0	0	0	0	0	0	0	0	0	0	0	0	0	0	0	0	0	0	0	0	0	0	0	0	0	0	0	0	0	0	0	0	0	0	0	0	0
"Feature13"	0	0	0	0	0	0	0	0	0	0	0	0	0	0	0	0	0	0	0	0	0	0	0	0	0	0	0	0	0	0	0	0	0	0	0	0	0	0	0	0	0	0	0	0	0	0	0	0	0	0	0	0	0	0	0	0	0	0	0	0	0	0	0	0	0	0	0	0	0	0	0	0	0	0	0	0	0	0	0	0	0	0	0	0	0	0	0	0	0	0	0	0	0	0	0	0	0	0	0	0
"Feature14"	0	0	0	0	0	0	0	0	0	0	27	0	0	0	0	0	0	0	0	0	0	0	0	0	0	0	0	0	0	0	0	0	0	2496	0	0	0	0	0	0	0	0	0	0	0	0	0	0	0	0	0	0	0	0	0	0	0	0	0	0	0	0	0	0	0	0	0	0	0	0	0	0	0	0	0	0	0	0	0	0	0	0	0	0	0	0	0	0	0	0	0	0	0	0	0	0	0	0	0	0
"Feature15"	10	0	0	0	0	0	0	0	0	2	0	0	0	7	0	2	0	0	0	0	68	159	0	0	0	0	0	0	0	0	0	0	0	0	514	0	0	0	0	1	0	0	0	0	0	0	0	0	0	0	0	0	0	19	170	40	0	0	0	0	0	0	54	68	0	2	0	0	0	0	0	0	0	0	2	0	0	0	0	0	23	0	0	0	0	0	0	0	0	0	1	0	390	0	0	0	20	0	0	0
"Feature16"	0	0	0	0	0	10	0	3	9	1	0	0	0	3	0	1	0	0	0	0	30	4482	0	0	0	0	0	0	0	0	0	0	0	38	0	0	0	0	0	0	0	0	0	0	57	0	6	17	0	0	5190	0	0	231	1057	0	0	0	0	14	0	0	1	0	0	0	0	4	6	5	0	0	0	0	0	297	0	0	0	64	0	2	90	0	8	0	0	783	0	0	0	0	299	2	0	0	0	0	182	0
"Feature17"	0	0	0	0	0	0	0	0	0	0	0	0	0	0	0	0	0	0	0	0	0	0	0	0	16	0	0	0	0	0	0	0	0	0	0	6	0	0	0	0	0	0	0	0	0	0	0	0	0	0	0	0	0	30	0	5	0	0	0	0	0	0	0	0	0	0	0	0	0	0	0	0	0	0	0	0	0	0	0	0	0	0	0	0	0	0	0	0	0	0	0	0	0	0	0	0	0	0	0	0
"Feature18"	0	0	611	0	0	4	0	0	0	0	0	0	0	0	0	52	0	48	0	0	0	0	0	0	79	0	0	0	0	0	0	0	0	0	0	0	0	0	0	1	0	0	0	0	0	0	0	0	0	0	0	0	45	121	0	14	1	0	0	0	0	0	0	0	31	0	4	2	0	0	0	0	0	0	0	0	0	0	0	0	0	0	24	3	0	0	0	0	112	0	0	0	0	0	0	0	0	0	0	19
"Feature19"	0	0	0	1	0	0	0	0	0	0	0	0	0	0	0	0	0	0	0	0	0	0	0	0	0	0	0	0	0	0	0	0	61	0	0	0	0	0	0	0	0	0	0	0	0	0	0	0	0	0	0	0	0	0	0	0	0	0	0	0	0	0	0	0	0	0	0	0	0	0	0	0	0	0	0	0	0	0	0	0	0	0	0	0	0	0	0	0	0	0	0	0	0	0	0	0	0	0	0	0
"Feature20"	0	0	0	5	0	223	0	0	0	0	2	0	0	0	0	7070	0	134	0	0	241	0	325	0	0	12020	0	0	4492	0	0	0	0	0	0	0	0	0	0	0	33659	1676	0	0	2100	0	0	0	0	0	5185	0	0	0	0	0	0	0	0	0	0	0	0	0	0	7	0	0	0	15	0	0	12671	0	1075	0	25751	0	0	0	0	18777	0	0	0	0	0	0	0	0	0	0	0	0	17	0	0	0	55	0
"Feature21"	5	12	1578	1	0	0	0	0	0	20	0	17	0	6	0	0	0	0	0	0	0	117	0	0	77	0	0	0	512	0	0	0	0	0	198	0	0	230	0	4	1	26	0	0	0	0	0	0	14	0	0	0	55	0	0	18	0	1205	0	0	0	0	0	0	39	0	3	7	0	0	0	0	0	0	0	0	0	0	0	125	25	0	0	0	0	0	0	0	0	546	23	157	11	13	0	0	469	0	0	28
"Feature22"	0	0	0	8	0	0	0	0	0	0	0	0	0	0	0	0	0	0	0	0	0	0	0	0	61	1	0	0	0	0	0	0	0	0	295	0	0	0	0	0	0	57	0	0	111	0	0	0	0	0	0	0	6543	0	0	0	3	222	0	0	0	0	0	0	0	0	0	0	0	0	0	0	0	0	0	0	413	0	0	0	59	0	0	0	7	2232	0	0	0	0	0	0	0	0	0	0	6	0	0	0
"Feature23"	218	0	0	0	0	0	0	0	0	0	0	0	0	0	0	0	0	0	0	28	0	0	78	0	0	0	0	0	75	0	0	0	4	0	0	9	0	0	0	0	0	0	0	0	16	0	0	2626	0	0	99847	1272	0	0	0	5	0	1539	0	0	0	215	0	0	0	0	0	0	142	176	0	0	0	122	0	0	0	0	0	0	0	0	0	15	0	85	0	227	0	0	0	0	0	0	0	0	0	96	0	0
"Feature24"	0	0	0	0	0	13	0	0	0	0	0	0	0	5	0	0	0	38	33	0	0	0	5	0	4	0	0	0	0	0	0	0	0	0	0	3	0	0	1	0	0	0	0	0	0	0	0	11	0	0	0	0	0	0	0	0	0	28	0	0	0	0	0	0	0	0	5	0	0	0	232	0	0	0	0	0	0	0	0	0	0	0	0	0	0	0	0	0	0	0	0	0	0	0	0	0	0	0	2	0
"Feature25"	0	0	0	0	0	0	0	0	0	0	0	0	0	213	0	0	0	0	0	0	0	0	32	0	211	0	0	0	0	1	0	0	0	0	0	0	722	0	0	0	0	0	0	0	0	0	0	0	0	0	0	0	0	0	0	0	0	0	0	0	0	0	60	0	0	0	0	0	0	0	7820	0	0	0	0	0	0	0	0	0	0	0	0	0	0	0	0	0	0	0	0	0	0	0	0	0	0	0	0	0
"Feature26"	0	0	0	0	0	0	0	44	2	1	0	0	0	6	0	0	0	0	0	0	92	0	0	0	0	0	0	0	0	0	0	0	0	1	0	0	0	0	0	0	0	0	0	0	0	0	17	27	0	0	305	0	0	20	0	1	0	0	2	2	5	0	0	0	0	0	7	2	9	0	0	0	0	0	0	0	0	0	0	11	0	0	1	1	0	0	0	8	0	0	0	0	13	0	0	0	0	0	0	0
"Feature27"	0	0	0	0	0	0	0	0	0	0	0	0	0	0	0	0	0	0	0	0	0	0	0	0	5	0	0	0	0	0	0	0	16	0	0	1	0	0	0	0	0	0	0	0	0	0	0	0	0	0	0	0	0	0	0	0	0	438	0	0	0	0	0	0	0	0	0	0	0	0	0	0	0	0	0	39	0	0	0	9	4	0	0	0	0	0	0	0	0	0	0	0	0	0	0	0	0	0	0	0
"Feature28"	0	0	0	0	1	0	2	0	0	0	0	0	0	0	0	0	0	0	0	0	0	0	0	0	0	0	0	0	0	0	0	0	0	0	14	0	0	0	0	0	0	2	1	0	0	0	3	0	0	0	0	0	5	4	34	0	0	0	0	0	0	0	0	0	5	0	0	1	0	0	0	0	1	0	1	0	0	0	0	35	0	0	0	0	0	0	0	0	31	0	0	0	0	1	0	0	0	0	0	0
"Feature29"	0	0	0	0	0	0	0	9382	0	0	0	0	0	0	0	0	0	0	0	0	0	0	0	0	0	0	0	0	0	0	0	0	0	0	0	0	4068	0	0	0	0	0	0	0	0	0	2371	0	0	0	0	2204	0	0	0	0	0	0	0	0	0	763	0	0	0	0	0	0	0	0	0	0	0	0	0	0	0	0	0	0	0	0	0	0	0	0	0	0	0	0	0	0	0	0	0	0	0	0	0	0
"Feature30"	0	0	3180	12	42553	425	77053	1604	1300	0	0	0	153	0	0	0	7481	15793	0	15440	3746	0	119	0	35263	5689	25726	0	0	25	6205	488	0	928	0	0	14618	1314	669	2	2	8980	370	0	541	0	8478	0	3	2	0	6700	179	20592	57759	24877	3061	54415	2862	22991	0	60367	0	3108	0	0	0	0	0	455	0	0	160	71239	0	970	0	0	0	0	31926	580	4589	0	0	1020	1254	600	0	0	0	2989	4100	690	32806	0	0	902	2585	0
"Feature31"	0	0	0	0	0	0	0	0	0	0	0	0	0	0	0	0	0	0	0	0	0	0	0	0	0	0	0	0	0	0	0	0	0	0	0	0	0	0	0	0	0	0	0	0	0	0	0	0	0	0	0	0	0	0	0	0	0	0	0	0	0	0	0	0	0	0	0	0	0	0	0	0	0	0	0	0	0	0	0	29	0	0	0	0	0	0	0	0	0	0	0	0	0	0	0	0	0	0	0	0
"Feature32"	0	0	0	0	0	0	0	0	0	0	0	0	0	0	0	0	0	0	0	0	0	0	0	0	0	0	0	0	0	0	0	0	0	0	0	0	0	0	0	0	0	0	0	0	0	0	0	0	0	0	0	0	0	0	0	0	0	0	0	0	0	0	0	0	0	0	0	0	0	0	102	0	0	0	0	0	0	0	0	0	0	0	0	0	0	0	0	0	0	0	0	0	0	0	0	0	0	0	0	0
"Feature33"	16	13	65	1	98	53	208	191	106	0	0	27	10	32	4	22	7	378	68	8	2	165	13	0	251	38	104	1	37	0	47	11	91	77	708	16	13	155	5	22	15	44	0	1	11	0	62	160	30	2	15570	32	62	34	4204	8	1	20	3	41	19	593	475	14	23	211	0	0	15	7	685	0	0	128	65	36	213	1169	2	485	57	15	4	13	99	0	3	2	172	15	32	125	35	43	51	0	97	2	620	598
"Feature34"	0	1167	141	5	22658	0	0	2976	0	0	0	530	0	0	0	230	0	0	299	445	50	0	0	0	0	540	0	51	0	1	0	512	0	0	0	21	1045	373	4	16	9	270	0	0	141	0	0	9164	0	0	4142	0	34	7050	0	20	0	137	51	0	5709	288	44843	0	0	0	0	0	91	419	0	0	0	1304	0	0	807	18611	196	631	0	41	0	0	0	0	90	0	0	0	2812	137	1895	0	13	0	0	0	256	426
"Feature35"	23	5	0	0	0	4	18	562	0	0	0	7	2	0	4	2	0	217	0	1	49	0	1	0	25	0	0	0	5	0	0	0	0	0	0	0	31	8	0	0	1	1	63	1	0	0	8	0	0	0	111	0	0	0	0	3	0	0	2	2	22	13	0	3	0	7	22	0	6	4	0	0	0	20	12	28	72	11	58	92	0	1	0	4	4	0	1	0	462	91	0	0	0	0	0	0	1	30	2	0
"Feature36"	3	0	0	0	0	0	0	0	0	0	0	0	0	0	0	0	0	0	0	0	0	0	0	0	0	0	0	0	0	0	0	0	0	0	0	3	0	0	0	0	0	0	0	0	0	0	0	0	0	0	0	0	0	26	0	0	0	0	0	0	0	0	0	0	0	0	0	0	0	0	40	0	0	0	0	0	0	0	0	5	0	0	0	0	0	0	0	0	0	0	0	0	0	0	0	0	0	0	0	0
"Feature37"	16	101	62	0	53	0	0	117	18	0	0	1	0	0	0	9	0	434	0	11	0	80	62	0	3156	0	2	0	1	0	6	14	18	47	2256	0	0	2	1	3	0	0	50	0	72	0	11	15	1	0	1808	31	0	287	11	12	0	654	0	0	0	281	4	17	142	0	2	0	51	2	39	0	3	75	0	3	2	9	25	22	32	0	22	3	0	0	2	1	438	39	48	0	0	77	5	0	6	1	10	0
"Feature38"	0	0	0	0	0	0	0	0	0	0	0	0	0	0	0	0	0	0	0	0	0	0	0	0	0	0	3	0	0	0	0	0	0	0	0	0	0	7	1	0	0	0	0	0	0	0	0	0	0	0	0	0	0	0	0	0	0	0	2	0	0	0	0	0	0	0	0	0	0	3	0	0	0	0	0	0	0	0	0	0	0	0	0	0	0	0	0	0	0	0	0	0	0	0	0	0	0	0	0	0
"Feature39"	0	0	324	0	0	0	0	0	0	0	0	3486	0	56170	0	434	69	0	0	0	0	0	0	0	0	0	11024	0	0	0	0	0	0	0	1851	11	0	0	0	0	60	0	0	0	0	0	0	0	0	0	0	0	136	0	0	0	0	16	0	94	0	0	0	0	0	0	270	0	0	7	1574	0	0	0	0	0	0	0	0	12	0	74	0	0	0	23	0	0	2286	10	159	3544	26	190	6541	0	0	233	700	0
"Feature40"	10810	24816	5497	12219	1463	0	0	234	10	7081	5	86832	31	9721	2417	21723	378	1609	20148	0	1018	3084	0	0	1473	28	84793	384	23102	0	1442	59188	2966	76	0	25232	54	0	12259	18	0	16370	2649	0	0	18335	862	0	65	40	24328	1417	5348	0	0	1258	5	1262	2047	0	6405	21	2433	1202	0	4664	0	32	13809	0	0	1066	1428	12692	103	31	584	0	0	1550	0	2	0	188	1749	736	0	8242	999	1413	0	72	124	0	0	0	0	2034	1	3186
"Feature41"	0	0	0	0	0	0	0	0	0	0	0	0	0	0	0	0	0	0	0	0	0	0	0	0	0	0	0	0	0	0	0	0	0	0	0	0	0	0	0	0	0	0	0	0	0	0	4	0	0	0	0	0	0	0	0	0	0	0	0	0	0	0	0	0	0	0	0	0	0	0	0	0	0	0	0	0	0	0	0	0	0	0	0	0	0	0	0	0	0	0	0	0	0	0	0	0	0	0	0	0
"Feature42"	0	0	0	0	0	0	0	16	0	0	0	0	0	84	0	0	0	14	0	0	42	0	0	0	0	0	0	0	0	0	0	0	0	0	0	0	0	0	2	0	0	0	0	0	0	0	2	0	0	0	0	0	0	104	0	0	0	0	5	0	0	0	0	0	0	2	0	0	0	0	0	0	0	0	0	0	0	0	0	0	0	0	0	11	0	0	5	0	0	0	0	0	0	35	0	0	0	0	0	0
"Feature43"	0	6	0	0	0	0	0	0	0	0	0	4	0	0	0	0	0	0	148	5	0	0	0	0	0	0	0	0	0	0	0	0	0	1	0	6	26	0	0	0	0	0	0	0	0	0	0	0	0	0	1636	0	0	0	0	0	0	0	22	0	0	1	0	0	0	0	0	0	0	0	0	0	0	0	0	0	0	0	0	0	0	0	8	0	0	0	0	15	0	7	0	0	0	0	1	0	0	0	0	0
"Feature44"	4	0	51	0	0	0	0	18	1	0	0	0	0	0	0	0	0	0	0	0	0	135	0	0	0	0	0	0	0	0	0	0	0	0	0	0	0	99	0	0	0	0	0	0	0	0	0	3	0	0	0	0	0	0	0	0	0	6	0	0	0	1	0	0	2	0	0	2	0	0	0	0	0	0	0	0	0	0	0	1	0	0	1	0	0	0	0	0	0	0	0	0	0	0	0	0	0	0	0	0
"Feature45"	3	41	249	0	0	0	0	0	16	0	0	7	0	35	210	3	2	0	0	0	0	0	4	0	0	9	0	28	2	0	0	0	10	0	252	150	0	0	5	0	0	0	0	0	0	0	0	0	0	0	3297	72	16	74	49	0	0	237	0	1	0	0	931	142	0	0	7	7	15	8	13	0	0	25	0	12	24	30	0	0	9	13	0	10	0	272	0	12	0	70	0	57	40	322	222	0	0	3	23	0
"Feature46"	0	0	0	0	0	0	0	0	0	0	0	0	1	0	0	0	0	0	0	0	0	0	0	0	0	0	0	0	0	0	0	0	0	0	0	0	0	0	0	0	0	0	0	0	0	0	0	0	1	0	0	0	91	0	0	0	0	0	0	0	0	0	0	0	0	0	0	0	0	0	0	0	0	0	0	0	0	0	0	0	0	0	0	0	0	0	0	0	0	0	45	0	32	0	0	0	0	0	0	0
"Feature47"	0	11	0	0	0	28	27	0	11	0	0	0	1	0	0	19	0	43	0	22	70	0	0	0	71	0	0	0	0	0	0	0	21	0	112	0	0	0	0	0	13	75	102	0	0	0	0	16	7	0	0	105	0	0	0	0	0	0	4	0	0	0	27	0	87	0	0	0	13	0	246	0	3	20	65	0	0	68	0	0	0	0	0	0	0	0	8	7	874	0	0	0	12	25	12	0	0	0	62	0
"Feature48"	0	0	0	0	0	0	0	0	0	0	0	0	0	1	0	1	0	0	0	0	0	0	0	0	0	0	0	0	0	0	0	0	0	3	0	3	0	0	0	0	0	17	0	0	0	0	0	81	0	0	195	53	0	5	0	0	0	0	0	0	0	2	0	0	3	0	13	0	1	0	93	0	0	0	7	0	51	0	2	0	2	0	0	0	0	0	2	0	0	0	0	0	0	0	4	0	0	0	0	81
"Feature49"	0	5	1	0	0	1	1	0	0	0	0	0	0	0	0	0	0	6	0	0	0	0	7	0	7	0	0	0	300	0	98	0	0	0	0	0	3	0	0	0	0	0	0	0	0	0	0	0	0	0	0	0	0	0	0	0	0	0	0	0	0	127	0	0	0	773	0	0	0	0	0	0	0	2	7	0	0	14	30	0	0	0	0	0	0	3	0	0	16	7	0	0	0	0	0	0	0	313	0	277
"Feature50"	0	0	0	0	0	0	0	0	0	0	0	0	0	0	0	0	0	0	0	0	0	0	0	0	0	0	0	0	0	0	0	0	0	0	0	0	0	0	0	0	0	0	0	0	0	0	0	0	0	0	0	0	0	0	0	0	0	0	0	0	0	0	0	0	0	0	0	0	0	0	0	0	0	0	0	0	0	0	0	0	0	0	0	0	0	0	0	0	0	0	0	0	0	0	0	0	0	0	0	0
"Feature51"	62	18	572	0	106	34	95	0	7	0	0	5	2	3	0	14	0	10	195	6	15	30	7	0	0	14	388	1	29	0	0	0	633	0	0	0	5	0	5	0	0	22	22	0	0	0	0	19	0	0	1271	0	0	16	463	0	2	299	0	2	11	0	0	1	173	0	0	0	0	110	0	0	0	7	47	143	13	348	4	38	17	0	15	1	7	0	10	1	0	24	8	6	4	13	61	1	0	0	0	0
"Feature52"	0	0	0	0	0	0	0	0	0	0	0	0	0	0	0	0	0	0	0	0	0	0	0	0	40943	0	0	0	0	0	0	0	0	0	0	0	0	0	0	0	0	0	0	0	0	0	0	0	0	0	0	0	0	0	0	0	0	0	0	0	0	0	0	0	0	0	0	0	0	0	0	0	0	0	0	0	0	0	0	0	0	0	0	0	0	125	0	0	0	0	0	0	0	0	0	0	0	0	0	0
"Feature53"	0	0	0	0	0	0	0	0	0	0	0	0	0	0	0	0	0	0	0	0	0	0	0	0	0	0	0	0	0	0	0	0	0	0	0	0	0	0	0	0	0	0	0	0	0	0	13	0	0	0	0	0	0	0	0	0	0	0	0	0	0	0	0	0	0	0	0	0	0	0	0	0	0	0	0	0	0	0	0	0	0	0	0	0	0	0	0	0	0	0	0	0	0	0	0	0	0	0	0	0
"Feature54"	0	0	0	0	0	0	4	0	0	0	0	0	0	0	0	0	0	0	0	0	1	0	0	0	13	0	0	0	0	0	0	0	0	0	0	0	3	0	0	0	0	0	0	0	0	0	0	0	0	0	0	29	0	0	0	0	0	0	0	0	0	0	0	0	0	0	0	0	0	0	0	0	0	0	0	0	0	0	0	0	0	0	0	0	0	0	0	0	0	0	0	0	0	0	0	0	0	0	0	0
"Feature55"	0	2	0	0	0	0	0	0	0	0	0	0	0	0	0	0	0	0	0	0	0	0	0	0	0	0	0	0	0	0	0	1	0	0	0	0	0	0	0	0	0	0	0	0	0	0	0	0	0	0	0	0	0	0	0	0	0	42	0	0	0	0	0	0	0	0	0	0	0	0	0	0	0	0	0	0	0	0	0	0	0	0	0	0	0	0	0	0	33	30	0	0	0	0	0	0	0	0	0	0
"Feature56"	0	0	2	0	0	0	1027	0	0	0	3538	0	18	0	0	0	0	0	0	0	0	0	52	1	8672	0	0	0	100	0	0	278	0	0	0	0	0	13	25	15754	0	0	0	1	0	0	0	476	509	0	0	0	0	0	0	0	0	0	346	0	0	0	0	0	0	0	0	0	387	0	0	0	0	0	29821	0	0	0	992	0	6	0	2587	0	0	4	10	0	0	0	0	0	0	0	0	0	0	0	0	0
"Feature57"	0	0	0	0	0	0	0	0	0	0	0	0	0	0	0	0	0	0	0	0	0	0	0	0	0	0	0	0	0	0	0	0	0	0	0	0	0	0	0	0	0	0	0	0	0	0	0	0	0	0	0	0	0	0	0	0	0	0	0	0	0	0	0	0	0	0	0	0	0	0	0	0	0	0	0	0	0	0	0	0	0	0	0	0	0	0	0	0	0	0	0	0	0	0	0	0	0	0	0	0
"Feature58"	8	0	32	0	29	4	3	3775	3	0	0	35	0	1	2	29	3	681	0	0	43	3	4	0	1816	5	0	0	0	0	0	0	7	5	1203	5	0	150	0	0	0	0	3	0	629	0	620	162	0	0	50041	5	0	11	13	0	0	0	0	1	6	0	2114	1	0	0	0	42	207	1	0	0	0	1	0	56	701	0	0	2444	384	1	65	0	82	79	0	3	0	18	2	4	91	9	3	3	221	133	10	0
"Feature59"	0	0	0	0	0	236	0	0	0	0	0	0	0	0	0	0	0	0	0	0	0	0	0	0	0	0	0	0	0	0	0	283	0	535	1510	0	0	0	0	0	0	2008	0	0	0	6	0	0	0	0	43597	868	0	0	0	57	0	0	0	0	0	0	0	0	3077	0	0	0	0	0	0	2	0	0	0	0	0	0	0	0	0	0	0	0	0	0	0	0	0	0	685	0	0	0	0	0	0	0	441	0
"Feature60"	0	0	0	0	0	0	1	0	0	0	0	0	0	0	0	0	0	0	0	0	0	0	0	0	0	0	0	0	0	0	0	0	0	0	0	0	0	0	0	0	0	0	0	0	0	0	0	0	0	0	0	0	0	0	0	0	0	0	0	0	0	0	0	0	0	0	0	0	0	0	0	0	0	0	0	0	0	0	0	0	0	0	0	0	0	2	0	0	0	0	0	0	0	0	0	0	0	0	0	0
"Feature61"	0	0	0	1	0	0	0	0	0	0	0	0	0	0	10	0	0	0	0	0	0	0	0	0	0	0	0	0	0	0	0	0	0	0	0	0	0	0	0	0	0	0	48	0	20	0	206	0	0	0	0	0	0	0	0	0	0	390	0	0	0	0	0	0	0	0	0	0	0	0	0	0	0	0	18	0	124	0	0	0	0	0	2	0	0	0	1	0	0	0	0	0	0	0	0	0	0	0	0	0
"Feature62"	0	7	101	0	50	5	2	0	9	1	0	86	2	134	10	150	0	19	2	0	0	203	45	0	0	141	15	0	13	0	24	10	58	33	1862	0	5	6	0	0	0	3	0	21	4	1	178	148	0	1	6	20	0	27	1543	9	1	35	0	11	148	5	89	5	0	5	7	0	42	0	20	0	2	15	3	58	179	490	0	51	11	2	10	13	712	0	0	2	520	51	38	53	1	3	14	0	87	0	0	6
"Feature63"	0	0	0	0	0	0	0	0	0	3	0	0	0	0	0	0	0	0	0	0	0	0	0	0	0	0	0	0	0	0	0	0	3	0	0	0	0	0	0	0	0	0	0	0	0	0	0	0	0	0	0	0	0	0	0	0	0	0	0	0	0	0	0	0	0	0	0	0	0	0	0	0	0	0	0	0	0	0	0	0	0	1	0	0	0	0	0	0	0	0	0	0	0	0	0	0	0	0	0	0
"Feature64"	0	0	0	32	11	45695	0	0	0	8	0	0	0	0	0	0	0	608	0	0	0	10	0	0	22	0	801	0	0	0	0	0	50	24	9543	11410	0	0	1572	0	0	0	0	0	0	91	0	48	0	7	5900	0	2163	16311	0	0	0	3756	0	0	174	0	0	0	0	0	0	121	0	0	0	0	0	0	0	3045	2290	0	0	34	0	0	0	0	29751	0	9204	78	0	0	0	22010	0	12	0	0	0	13852	0	67860
"Feature65"	3	0	30	0	0	0	6	0	0	0	0	0	1	32	0	0	34	0	0	12	0	0	14	0	19	0	0	0	67	0	0	5	12	7	162	0	175	3	0	0	0	0	0	0	19	1	0	0	0	0	311	17	29	0	0	0	0	0	0	0	0	10	0	6	0	0	0	3	0	38	0	0	0	0	1	56	0	0	0	0	2	0	0	10	0	0	0	1	0	0	1	4	0	0	0	0	69	0	1	0
"Feature66"	0	0	0	0	0	0	0	0	0	0	0	22	0	0	0	0	0	0	0	0	0	0	0	0	0	0	0	0	0	0	0	0	0	0	0	0	0	0	0	0	0	0	0	0	0	19	0	0	0	0	0	0	0	0	0	0	0	0	0	0	0	0	0	0	0	0	0	0	0	0	0	0	0	0	0	0	0	0	11	0	0	0	0	0	0	0	0	0	0	0	0	0	0	0	0	0	0	0	0	0
"Feature67"	0	10	6	0	0	0	5	18	0	0	0	0	2	41	10	0	1	13	8	0	0	19	2	0	0	0	14	0	52	0	163	0	1	9	8	0	1	0	0	0	0	1	1	0	0	0	67	7	0	0	54	0	0	13	2960	0	0	350	0	0	1	0	0	1	20	5	4	0	0	0	66	0	2	0	64	1	1	0	0	0	0	0	0	0	16	10	1	0	1	1	3	0	0	0	2	0	15	0	0	10
"Feature68"	0	0	0	0	0	0	0	0	0	0	0	0	0	0	0	0	0	0	0	0	0	0	0	0	0	0	0	0	0	0	0	0	0	0	0	0	0	0	0	0	0	0	0	0	0	0	1	0	0	0	0	0	0	0	0	0	0	0	0	1	0	11	0	0	1	0	0	1	0	0	0	0	0	0	0	0	0	51	0	0	0	0	0	0	0	0	0	0	0	0	0	0	0	0	0	0	0	0	0	0
"Feature69"	0	0	0	0	0	0	78	0	1	0	0	0	38	94	0	15	0	0	0	0	0	404	0	0	0	0	0	0	0	2	0	14	0	0	0	0	0	0	0	0	2	62	0	0	0	0	14	0	1	0	0	0	0	4	117	0	0	0	1	0	0	0	0	0	110	0	15	1	0	7	0	0	1	0	1	0	0	190	0	81	13	0	0	0	0	0	0	0	19	0	0	0	27	17	0	0	2	0	0	0
"Feature70"	0	0	0	0	0	0	0	0	0	0	0	0	0	0	0	0	0	0	0	0	0	0	0	0	0	0	0	0	0	0	0	0	0	0	0	0	0	0	0	0	0	0	0	0	0	0	0	0	0	0	0	0	0	0	0	0	0	0	0	0	0	0	0	0	0	0	0	0	0	0	0	0	0	0	0	0	0	0	0	0	0	0	0	0	0	0	0	0	0	0	0	0	0	0	0	0	0	0	0	0
"Feature71"	18	22	0	0	173	15	74	386	16	4	0	25	0	0	24	0	0	100	19	63	15	43	55	0	4761	11	15	2	27	1	614	17	63	208	978	14	13	247	0	4	0	17	545	1	6	0	74	107	52	0	5960	297	13	100	0	12	0	428	6	0	73	45	431	1236	400	200	0	57	134	1	0	2	0	81	43	71	540	707	14	601	76	2	82	18	19	81	14	17	1890	0	161	0	0	0	0	0	318	0	155	40
"Feature72"	0	0	0	0	0	0	0	0	0	0	0	0	0	0	0	0	0	0	0	0	0	0	0	0	5499	0	0	0	0	0	0	0	0	0	0	0	0	0	0	0	0	0	0	0	0	0	0	0	0	0	0	0	0	0	0	0	0	0	0	0	0	0	0	0	0	0	30737	0	0	0	0	0	0	0	0	0	0	0	0	0	0	0	0	0	0	0	0	0	0	0	0	0	0	0	0	0	0	0	0	0
"Feature73"	0	0	0	0	0	0	0	0	0	0	0	0	0	0	0	0	0	0	0	0	0	0	0	0	0	0	0	0	0	0	0	0	0	0	0	0	0	0	0	0	0	0	0	0	0	0	0	0	0	0	0	0	0	0	0	0	0	0	0	0	0	0	0	0	0	0	0	0	0	0	0	0	0	0	0	0	0	0	0	0	0	0	0	0	0	0	0	0	0	0	0	0	0	0	0	0	0	0	0	0
"Feature74"	0	0	0	0	368	0	344	0	46	0	0	72	0	0	0	0	0	0	261	0	933	0	0	0	0	0	0	0	585	0	0	0	0	0	0	0	0	867	0	0	0	0	142	0	271	0	0	0	17	0	0	0	626	0	0	94	0	0	0	0	291	0	0	114	0	202	0	0	0	92	0	0	50	0	0	0	1709	0	0	0	0	0	0	0	0	0	0	0	0	0	0	130	0	0	0	0	0	0	0	0
"Feature75"	0	0	0	0	0	0	13	0	0	0	0	0	0	0	0	0	0	10	0	0	21	0	3	0	0	3	0	0	0	0	18	0	0	0	0	0	0	8	0	0	0	3	0	0	0	0	0	0	0	0	0	0	0	0	0	0	0	0	0	0	0	8	0	0	0	0	0	2	0	0	0	0	0	0	6	0	6	0	0	26	0	0	5	6	0	46	0	0	0	0	0	0	0	0	0	0	11	0	0	0
"Feature76"	20	165	1784	6	2571	0	553	62	4	0	0	40	0	1301	69	841	6384	1284	1297	467	16731	901	18	0	2359	160	0	12	99	1	68020	1146	4730	480	4149	64	281	0	9	0	22	0	0	3	0	0	0	62	142	0	73470	0	6272	441	8990	97	1	1168	50	55	0	317	8948	54	1166	0	31	0	1536	35	3895	3	25	2556	452	243	389	3095	23	1515	1432	57	792	367	49	169	2	156	97	483	169	104	0	0	47	1	133	0	618	0
"Feature77"	0	0	0	0	0	0	0	0	0	0	0	0	0	0	0	0	0	0	0	0	0	0	0	0	0	0	0	0	0	0	0	0	0	0	0	0	0	0	0	0	0	0	0	0	0	0	0	0	0	0	0	0	0	0	0	0	0	0	0	0	0	0	0	0	0	0	0	0	0	0	0	0	0	0	0	0	0	0	0	0	0	0	0	0	0	0	0	0	0	0	0	0	0	0	0	0	0	0	0	0
"Feature78"	0	0	0	0	0	0	0	0	0	0	0	0	0	0	0	0	0	0	0	0	0	0	0	0	0	2	0	0	0	0	0	0	0	0	0	0	0	0	0	0	0	0	0	0	0	0	0	0	0	0	0	0	0	0	0	0	0	0	0	0	0	0	0	0	0	0	11	0	0	0	0	0	0	0	0	0	0	0	0	0	0	0	0	0	0	0	0	0	0	0	0	0	0	0	0	0	0	0	0	0
"Feature79"	0	10	177	0	4	3	0	0	3	0	0	0	15	26	0	0	0	6	0	0	0	0	0	0	19	0	0	0	0	0	0	0	0	0	0	0	0	0	0	0	7	0	0	0	0	0	0	5	0	0	844	0	0	0	236	0	0	0	0	2	3	7	0	0	0	0	0	0	2	0	0	0	30	0	9	13	0	920	0	0	0	1	0	0	0	0	0	0	0	0	0	0	0	0	0	0	0	32	8	35
"Feature80"	16	17	343	0	46	1	0	8	0	0	0	0	0	0	0	0	0	193	0	11	167	46	2	0	0	0	88	0	0	1	48	0	161	0	88	4	0	1	0	0	0	0	7	0	0	0	0	0	0	0	0	20	16	244	0	7	0	0	0	4	0	0	324	2	6	0	3	0	36	0	0	0	0	21	11	65	0	804	0	0	115	0	0	11	0	0	0	0	0	13	0	0	11	1	23	0	6	0	48	0
"Feature81"	0	0	0	0	0	0	0	0	463	0	18505	0	0	0	0	0	0	0	0	0	0	0	0	0	0	0	0	0	0	24039	0	0	0	0	0	0	0	0	0	0	0	0	14343	0	0	0	0	0	0	0	0	0	0	0	0	0	43	0	0	0	0	0	0	0	0	0	0	0	0	0	0	0	0	0	0	0	0	0	0	0	0	0	0	0	0	0	0	0	0	0	0	0	0	0	0	0	0	0	0	57170
"Feature82"	0	0	5403	0	1713	0	0	308	385	0	0	0	0	0	0	9594	0	4417	512	0	3866	0	986	0	0	11	0	39	0	0	0	0	0	0	0	59	0	199	213	0	0	0	156	0	0	0	0	0	0	0	0	3441	8617	144	0	9490	0	0	0	0	0	0	15937	378	0	0	4785	116	392	0	0	0	0	0	0	2085	0	966	0	0	31586	0	9	0	0	0	0	0	0	26191	0	0	72	1014	29	0	0	0	3137	0
"Feature83"	0	0	0	0	0	0	0	2	0	0	854	0	0	0	0	0	0	16542	0	0	0	0	11	17371	0	48	0	319	464	0	0	0	0	27	0	2	0	0	0	0	419	0	8600	26681	457	0	0	0	0	0	0	0	0	0	0	0	0	0	0	0	0	0	0	0	1	0	304	0	0	0	1561	53317	0	0	0	0	0	200	45250	0	0	0	34366	0	0	501	0	0	0	0	0	0	0	12868	0	21733	0	0	0	0
"Feature84"	0	71	1	0	0	0	0	0	0	0	0	0	0	11	0	0	0	0	0	16	0	0	0	0	0	0	42	0	0	0	0	0	0	0	2	0	0	0	0	0	0	0	0	0	0	2	0	0	0	0	0	0	0	4	12	0	0	0	0	0	31	0	0	0	0	0	0	0	0	0	0	0	0	3	0	0	0	227	0	0	0	0	0	0	0	0	0	0	32	0	15	0	0	0	0	0	0	2	0	0
"Feature85"	74	0	0	0	13	8	0	0	0	0	0	3	0	4	7	0	0	0	22	0	0	0	0	0	12	5	99	0	0	0	10	0	0	5	0	7	0	0	0	1	0	0	0	0	6	0	0	0	0	0	0	0	15	110	0	0	0	997	6	12	0	0	87	0	8	158	0	1	5	0	0	0	2	41	10	0	29	0	0	0	0	0	0	0	11	19	7	14	0	0	0	194	2	0	6	0	0	0	0	0
"Feature86"	0	0	0	0	0	67	0	0	3	0	0	0	3	0	40	0	0	54	1	0	0	175	0	0	83	0	0	0	1752	0	113	0	1	0	0	0	19	0	2	0	0	0	31	0	0	0	0	39	0	0	0	0	0	80	675	0	0	0	0	0	25	0	88	0	0	0	13	0	0	110	0	0	0	0	0	464	6	0	0	0	0	0	16	0	0	0	0	0	1569	0	0	0	22	0	0	0	155	21	0	0
"Feature87"	0	24	0	0	0	0	0	0	0	0	0	0	0	0	0	0	0	193	0	0	15	79	12	0	0	0	220	0	0	0	228	0	0	3	0	14	0	57	0	0	0	0	0	0	0	0	0	0	0	0	0	0	0	0	0	0	0	0	0	10	191	0	0	0	0	1492	0	0	7	0	0	2	0	2	0	0	0	0	0	0	0	0	0	10	0	696	0	5	0	1176	0	0	0	0	0	0	0	42	21	1132
"Feature88"	517	30	0	0	10959	65	45104	0	0	796	46	0	5152	0	6453	0	0	74	283804	0	20	1070	0	0	124	0	0	1822	318	1	22	2935	82	68	0	2	0	0	125	6	0	67038	56301	329	11	2476	0	490	37917	4220	63008	0	0	0	0	15	0	0	354	0	5	738	0	0	14004	0	0	7494	9	0	0	0	0	373	2447	0	0	0	263	0	23834	0	1	0	9404	0	1202	0	0	0	0	0	0	0	0	0	9099	0	0	117
"Feature89"	0	0	2045	0	0	14	0	0	1	0	0	0	0	0	0	0	0	0	0	0	0	0	0	0	0	0	0	0	5	0	0	0	0	0	0	0	15	0	0	0	0	0	0	0	0	0	0	0	0	0	0	0	0	0	0	0	0	1623	0	0	0	0	60	0	0	0	0	0	0	0	0	0	0	0	0	2	0	0	0	0	0	4	0	2	0	205	0	0	0	0	0	0	0	0	15	0	0	0	0	0
"Feature90"	0	0	0	0	0	0	0	0	0	0	0	0	0	0	0	0	0	0	0	0	0	0	0	0	0	0	0	0	0	0	0	0	0	0	0	0	0	0	0	0	0	0	0	0	0	0	0	0	0	0	0	0	0	0	0	0	0	0	0	0	0	0	0	0	0	0	0	0	0	0	0	0	0	0	0	0	0	0	0	0	0	0	0	0	0	0	0	0	0	0	0	0	0	0	0	0	0	0	0	0
"Feature91"	0	2720	3909	9	579	52	472	5175	0	0	8	393	0	274	147	2738	27	0	458	339	2995	686	171	0	0	0	0	91	1731	0	0	1036	0	774	7229	452	1053	1284	392	14	63	1371	0	42	739	0	3277	0	73	8	30099	1058	401	19159	2825	82	14	1346	141	37	0	701	0	134	1959	1625	199	86	353	529	19447	4	668	1510	5396	748	4720	3061	94	3685	713	41	180	0	0	2535	0	0	4608	3908	707	2826	122	841	405	7	743	246	649	322
"Feature92"	0	0	0	0	0	0	0	0	0	0	0	0	0	0	0	0	0	0	0	0	0	0	0	0	0	0	0	0	0	0	0	0	0	0	0	0	0	0	0	0	0	0	0	0	0	0	0	0	0	0	0	0	0	0	0	0	0	0	0	0	0	0	0	0	0	0	0	0	0	0	0	0	0	0	0	0	0	0	0	0	0	0	0	0	0	0	0	0	0	0	0	0	0	0	0	0	0	0	0	0
"Feature93"	92	0	0	3	198	0	184	10986	0	19	0	0	0	0	0	0	74	0	0	63	0	0	0	0	1846	255	247	0	0	0	197	0	103	521	0	0	0	198	0	0	2	9	54	1	0	0	55	0	19	0	0	0	12	0	7241	524	0	0	33	50	0	186	0	21	277	342	19	122	39	114	911	0	67	72	0	0	67	858	9	34	0	0	0	114	12	39	26	0	0	16089	69	110	8	509	0	0	0	10	0	0
"Feature94"	0	8	0	0	0	0	0	0	0	0	0	0	0	0	0	0	0	0	15	0	0	0	0	0	0	0	0	0	0	0	0	0	0	0	0	0	0	0	0	0	0	0	0	0	0	0	0	0	0	0	0	0	0	0	0	0	0	1	0	0	0	0	0	0	0	0	0	0	0	0	0	0	0	0	0	0	0	0	0	0	0	0	0	0	0	7	0	0	0	0	0	0	0	0	0	0	0	0	0	0
"Feature95"	0	0	0	0	7	0	38	0	0	0	0	4	1	35	3	1	0	0	1	0	0	0	0	0	59	13	5	0	24	0	23	0	0	0	39	0	16	0	3	0	2	0	7	0	0	0	0	42	3	0	115	12	0	11	445	0	0	43	0	1	0	0	24	1	0	0	0	2	0	9	626	0	0	21	4	0	25	279	0	0	5	0	0	0	33	26	2	0	27	41	3	1	0	1	0	0	1	0	0	0
"Feature96"	0	0	0	0	0	0	0	0	0	0	0	0	0	0	0	0	0	0	0	0	0	0	0	0	0	0	0	0	0	0	0	0	0	0	0	0	0	0	0	0	0	0	0	0	8	0	0	2	0	0	0	0	0	0	0	0	0	2	0	0	0	0	0	0	0	0	0	0	0	0	60	0	0	0	0	0	0	0	0	3	0	0	0	0	0	0	0	0	0	0	0	0	0	0	0	0	0	0	0	0
"Feature97"	0	0	0	0	1	0	0	0	2	0	0	0	0	0	0	0	0	0	0	0	0	0	2	0	0	1	0	0	0	0	0	0	0	0	0	0	6	1	0	0	1	0	0	0	0	0	2	0	0	0	54	10	0	162	0	0	0	0	0	13	0	61	0	7	0	336	0	0	0	12	1741	0	0	0	0	0	0	233	0	3	0	36	0	0	0	0	0	0	0	0	0	286	262	150	340	0	0	38	0	0
"Feature98"	0	0	0	0	0	0	1	0	0	0	0	0	1	0	0	0	0	11	0	0	0	0	0	0	0	0	0	0	0	0	0	0	0	0	0	0	0	0	0	0	0	5	0	0	0	0	0	0	0	0	0	0	0	0	0	0	0	0	0	0	39	0	0	0	0	0	0	0	0	0	0	0	0	0	0	0	0	0	0	0	0	0	0	0	0	0	0	0	0	0	0	0	0	0	0	1	0	1	0	0
"Feature99"	0	17	0	0	20	0	0	0	0	0	0	0	0	0	0	0	1	0	22	0	0	83	8	0	0	7	0	0	0	0	0	0	0	0	0	0	19	0	0	0	0	0	0	0	0	0	0	0	0	0	0	0	41	0	0	0	0	0	0	0	0	0	0	0	0	0	0	0	0	0	0	0	0	0	0	0	0	126	0	0	0	0	0	0	0	75	5	0	0	0	0	0	0	0	0	0	31	5	0	28
"Feature100"	0	0	64	0	0	0	0	0	0	0	0	0	0	0	0	0	0	0	0	0	0	0	0	0	0	0	0	0	0	0	0	0	0	0	0	0	10	0	0	0	0	2	11	0	0	0	0	0	0	0	0	9	8	0	0	0	0	0	0	1	0	7	0	0	0	0	0	0	0	0	27	0	0	0	0	70	0	0	0	0	0	0	0	0	0	0	1	1	0	0	0	0	0	0	0	0	0	17	0	0
"Feature101"	15464	4788	5155	2052	11540	15388	17126	10670	4429	2080	2656	10123	622	30530	11971	4629	2643	25823	53674	5877	10400	4556	23719	14152	20393	5250	18511	2958	10252	6291	11289	27607	2769	24130	9111	8198	13579	4624	4235	2539	4657	13261	17998	5229	16006	3905	4503	21506	9756	707	72264	8190	8530	11057	25692	4658	3337	11771	3578	4937	28554	37295	24062	9719	22445	9439	37768	1567	7626	17213	12469	18106	3065	43707	5735	4557	12738	35071	15769	9722	9716	15050	32635	3521	37445	2810	4781	1248	16149	9848	8830	4178	25378	3656	6686	6012	3873	4708	3006	82545
